BASE_YM,CTPRVN_NM,SIGNGU_NM,ADSTRD_NM,BRDCST_TY_NM,GENRE_LCLAS_NM,GENRE_MLSFC_NM,HLDY_AT,AVRG_WTCHNG_CO,AVRG_WTCHNG_TIME_CO,DAWN_AVRG_WTCHNG_TIME_CO,AM_AVRG_WTCHNG_TIME_CO,PM_AVRG_WTCHNG_TIME_CO,EVENING_AVRG_WTCHNG_TIME_CO,AVRG_VOD_PRCHS_PRICE
202011,강원,원주시,중앙동,VOD,방송,드라마,Y,13,567,254,158,391,349,
202011,강원,삼척시,도계읍,LINEAR_TV,스포츠,레저,N,10,73,41,39,34,32,
202011,서울,종로구,이화동,LINEAR_TV,스포츠,스포츠,Y,2,2,0,2,4,1,
202011,경기,군포시,군포1동,LINEAR_TV,영화,기타,N,4,22,20,12,13,13,
202011,인천,부평구,삼산2동,VOD,애니,미스터리/공포,Y,7,197,46,72,139,205,
202011,경기,의정부시,송산1동,LINEAR_TV,공연/음악,기타,Y,8,74,14,18,33,49,
202011,전북,정읍시,내장상동,LINEAR_TV,TV 애니메이션,호러/공포,N,8,72,15,22,27,71,
202011,서울,은평구,신사1동,LINEAR_TV,홈쇼핑,가전,N,5,10,5,4,5,6,
202011,서울,동작구,사당1동,LINEAR_TV,영화,서부,Y,3,25,1,14,20,23,
202011,경남,밀양시,삼랑진읍,LINEAR_TV,영화,기타,Y,3,29,31,27,12,17,
202011,경북,문경시,점촌4동,LINEAR_TV,홈쇼핑,건강/레포츠,N,4,4,0,4,1,2,
202011,서울,송파구,문정2동,VOD,영화,액션,Y,3,167,129,71,154,105,
202011,충북,제천시,화산동,LINEAR_TV,시사/교양,뉴스/시사,N,95,,137,445,299,423,
202011,경남,창녕군,창녕읍,VOD,영화,스릴러,N,2,71,,92,103,51,
202011,경기,부천시,약대동,LINEAR_TV,라이프,여행,N,6,37,10,16,10,34,
202011,서울,동대문구,청량리동,VOD,영화,스릴러,Y,2,99,67,39,139,96,
202011,경기,의정부시,의정부2동,LINEAR_TV,TV 드라마,기타,Y,6,72,29,23,27,59,
202011,서울,서초구,반포4동,LINEAR_TV,영화,영화,N,3,18,12,,15,17,
202011,경기,시흥시,정왕1동,VOD,애니,드라마,Y,4,97,132,23,49,120,
202011,경남,남해군,미조면,LINEAR_TV,교육,교육,Y,2,22,,30,0,27,
202011,강원,원주시,명륜1동,LINEAR_TV,홈쇼핑,수산물,Y,2,4,4,5,2,2,
202011,경기,성남시 분당구,정자1동,LINEAR_TV,홈쇼핑,종합,N,6,14,15,11,4,3,
202011,경기,의정부시,호원1동,VOD,영화,드라마,Y,2,117,77,73,105,83,
202011,전북,군산시,나운2동,LINEAR_TV,정보,기타,Y,2,8,,8,11,3,
202011,강원,원주시,반곡관설동,VOD,영화,다큐,N,2,125,108,79,111,97,
202011,광주,서구,광천동,LINEAR_TV,iTV등 기타,기타,N,11,133,68,175,58,34,
202011,전북,군산시,구암동,LINEAR_TV,영화,드라마,N,16,95,43,29,43,45,
202011,서울,관악구,신원동,LINEAR_TV,교육,중등,Y,2,6,,,1,13,
202011,경기,남양주시,진접읍,LINEAR_TV,시사/교양,기타,N,92,926,141,358,232,377,
202011,충북,충주시,산척면,LINEAR_TV,홈쇼핑,가전,N,4,29,0,2,23,19,
202011,대구,남구,이천동,LINEAR_TV,스포츠,기타,N,12,81,40,37,40,59,
202011,충남,보령시,성주면,LINEAR_TV,홈쇼핑,가정/주방/생활용품,Y,4,5,1,1,2,4,
202011,울산,동구,남목3동,LINEAR_TV,시사/교양,뉴스/시사,N,96,927,102,358,249,390,
202011,부산,해운대구,좌3동,LINEAR_TV,스포츠,배구,Y,9,60,16,22,49,27,
202011,경기,성남시 중원구,은행2동,LINEAR_TV,TV 애니메이션,학원/순정/연애,Y,3,12,14,,6,13,
202011,경기,수원시 팔달구,매교동,LINEAR_TV,TV 드라마,기타,Y,6,66,29,17,26,56,
202011,인천,계양구,계산4동,LINEAR_TV,스포츠,격투기,Y,4,26,17,14,18,16,
202011,경북,상주시,북문동,LINEAR_TV,홈쇼핑,수산물,Y,2,2,10,0,1,0,
202011,경기,군포시,산본1동,VOD,키즈,노래율동,N,75,255,84,115,123,179,
202011,대구,동구,안심3.4동,LINEAR_TV,공연/음악,기타,Y,7,66,17,11,26,50,
202011,전남,여수시,시전동,LINEAR_TV,홈쇼핑,금융/보험/상조,Y,2,3,3,7,2,2,
202011,전남,여수시,중앙동,LINEAR_TV,스포츠,농구,N,8,38,5,24,5,34,
202011,부산,남구,문현1동,LINEAR_TV,게임,오락,N,4,30,11,23,27,20,
202011,경북,포항시 북구,중앙동,LINEAR_TV,정보,부동산/재테크,N,3,19,12,0,18,11,
202011,서울,중랑구,면목4동,LINEAR_TV,TV 애니메이션,명랑/코믹,Y,16,116,31,51,88,64,
202011,부산,남구,문현1동,LINEAR_TV,홈쇼핑,가정/주방/생활용품,N,8,17,6,8,9,7,
202011,경북,경주시,황성동,LINEAR_TV,영화,기타,N,3,22,16,9,17,14,
202011,경남,진주시,상평동,LINEAR_TV,게임,오락,Y,3,19,8,8,13,18,
202011,경북,영천시,북안면,LINEAR_TV,다큐,자연,Y,2,18,48,6,9,3,
202011,경기,안산시 상록구,본오2동,VOD,해외시리즈,미국,Y,5,145,297,25,43,119,
202011,경기,군포시,궁내동,VOD,키즈,애니,Y,5,115,,105,44,84,966
202011,경기,안성시,금광면,LINEAR_TV,영화,기타,Y,3,13,16,8,8,5,
202011,경북,영천시,서부동,LINEAR_TV,영화,드라마,Y,15,117,54,26,38,53,
202011,경기,남양주시,별내면,LINEAR_TV,교육,방송대학,Y,2,11,17,0,0,17,
202011,서울,영등포구,신길6동,LINEAR_TV,홈쇼핑,건강/레포츠,Y,5,8,2,5,4,3,
202011,대구,서구,비산2.3동,LINEAR_TV,공연/음악,기타,N,6,47,19,7,23,35,
202011,인천,서구,청라2동,LINEAR_TV,TV 드라마,시트콤,Y,2,10,14,3,8,9,
202011,경기,파주시,월롱면,LINEAR_TV,다큐,역사,N,2,20,10,4,17,20,
202011,충북,제천시,용두동,LINEAR_TV,교육,중등,N,2,4,,0,4,4,
202011,경남,거제시,사등면,LINEAR_TV,홈쇼핑,뷰티,N,5,13,8,7,7,5,
202011,충북,제천시,청전동,LINEAR_TV,TV 애니메이션,액션/모험,Y,9,56,65,31,39,40,
202011,서울,성동구,성수2가1동,LINEAR_TV,시사/교양,기타,Y,46,402,103,149,102,138,
202011,서울,종로구,청운효자동,LINEAR_TV,홈쇼핑,금융/보험/상조,N,3,8,5,7,8,3,
202011,경남,통영시,북신동,LINEAR_TV,공연/음악,기타,N,7,53,37,17,26,32,
202011,경기,구리시,동구동,LINEAR_TV,영화,서부,N,4,37,13,23,40,12,
202011,경기,양주시,양주2동,LINEAR_TV,영화,기타,N,3,20,18,10,13,12,
202011,경기,의정부시,호원1동,LINEAR_TV,스포츠,레이싱,Y,2,7,1,4,6,12,
202011,경북,상주시,동문동,LINEAR_TV,홈쇼핑,수산물,N,3,4,2,2,6,2,
202011,서울,종로구,사직동,LINEAR_TV,시사/교양,문화/예술,Y,2,15,18,17,7,10,
202011,제주,제주시,이호동,LINEAR_TV,홈쇼핑,인테리어,Y,2,2,0,3,1,2,
202011,경기,고양시 덕양구,고양동,VOD,애니,액션/모험,Y,7,163,171,119,133,86,
202011,경남,창원시 마산회원구,구암2동,LINEAR_TV,TV 애니메이션,추리/미스터리,Y,5,62,64,22,36,75,
202011,서울,노원구,중계1동,LINEAR_TV,시사/교양,경제,Y,7,61,10,109,17,13,
202011,서울,성동구,금호1가동,VOD,애니,시리즈,Y,7,105,69,108,88,45,
202011,인천,서구,오류왕길동,LINEAR_TV,홈쇼핑,건강/레포츠,Y,6,8,3,4,4,3,
202011,경기,안산시 상록구,월피동,LINEAR_TV,스포츠,배구,Y,11,88,13,21,86,32,
202011,인천,중구,송월동,LINEAR_TV,홈쇼핑,수산물,N,3,4,8,3,1,2,
202011,경기,안성시,고삼면,LINEAR_TV,스포츠,격투기,Y,2,22,2,0,45,2,
202011,경기,평택시,청북읍,LINEAR_TV,홈쇼핑,패션/의류,Y,10,17,7,7,8,6,
202011,경기,안양시 동안구,관양2동,LINEAR_TV,TV 애니메이션,명랑/코믹,Y,13,96,12,47,82,55,
202011,경남,진주시,하대동,LINEAR_TV,공연/음악,기타,N,7,53,20,22,30,32,
202011,경북,포항시 북구,흥해읍,VOD,애니,시리즈,N,15,217,58,100,143,150,
202011,경북,영천시,금호읍,LINEAR_TV,다큐,동물,N,4,25,33,22,18,16,
202011,대전,유성구,구즉동,VOD,영화,기타,N,71,65,54,78,49,48,
202011,광주,서구,금호1동,LINEAR_TV,홈쇼핑,보석/시계,N,2,4,,4,2,2,
202011,경기,안산시 상록구,본오2동,VOD,해외시리즈,미국,N,10,358,205,173,358,160,
202011,경기,파주시,운정3동,LINEAR_TV,스포츠,배구,Y,10,68,14,18,68,27,
202011,경기,광명시,철산4동,VOD,키즈,독서동화,N,2,6,,8,5,5,
202011,경기,고양시 일산서구,송산동,LINEAR_TV,TV 애니메이션,추리/미스터리,Y,4,35,68,17,21,35,
202011,광주,북구,두암1동,LINEAR_TV,영화,영화,N,3,21,17,0,5,26,
202011,경기,부천시,송내1동,LINEAR_TV,TV 애니메이션,추리/미스터리,N,4,52,,31,41,49,
202011,서울,양천구,목4동,LINEAR_TV,연예/오락,쇼,Y,66,725,87,163,194,361,
202011,울산,중구,우정동,LINEAR_TV,라이프,요리,Y,3,12,5,5,11,9,
202011,경북,포항시 북구,환여동,LINEAR_TV,영화,코미디,Y,5,38,15,21,27,18,
202011,충남,홍성군,구항면,LINEAR_TV,홈쇼핑,건강/레포츠,Y,7,15,2,7,18,3,
202011,부산,북구,화명3동,LINEAR_TV,스포츠,배구,N,14,90,12,27,55,73,
202011,경기,안산시 상록구,사1동,LINEAR_TV,스포츠,기타,N,12,122,114,34,41,74,
202011,서울,서대문구,홍제2동,LINEAR_TV,TV 드라마,TV 드라마,Y,38,429,49,79,128,259,
202011,광주,서구,화정1동,LINEAR_TV,시사/교양,의학/건강,Y,4,18,6,15,6,11,
202011,부산,사하구,하단2동,VOD,키즈,외국어,N,15,70,2,113,39,41,
202011,인천,서구,검단동,VOD,라이프,예술,N,2,98,158,91,75,58,
202011,대구,북구,국우동,LINEAR_TV,홈쇼핑,가구,Y,2,2,0,2,1,2,
202011,광주,북구,두암1동,LINEAR_TV,공연/음악,콘서트,Y,3,14,0,0,11,10,
202011,인천,부평구,십정1동,LINEAR_TV,시사/교양,경제,Y,8,94,10,132,46,37,
202011,경남,거제시,장평동,VOD,애니,코미디,Y,5,97,134,65,51,54,700
202011,부산,부산진구,개금3동,LINEAR_TV,영화,멜로,Y,4,17,14,11,10,11,
202011,충남,공주시,반포면,LINEAR_TV,홈쇼핑,가전,N,3,8,4,19,4,5,
202011,경북,영주시,하망동,LINEAR_TV,공연/음악,기타,N,12,94,84,23,52,48,
202011,경남,창원시 성산구,가음정동,VOD,영화,드라마,Y,2,125,71,105,122,96,
202011,인천,강화군,길상면,LINEAR_TV,다큐,동물,N,2,18,,7,17,12,
202011,부산,영도구,청학1동,LINEAR_TV,홈쇼핑,건강/레포츠,Y,6,9,5,5,4,4,
202011,경기,안산시 상록구,사1동,LINEAR_TV,스포츠,스포츠,Y,2,6,4,1,6,4,
202011,부산,해운대구,재송2동,LINEAR_TV,연예/오락,연예정보,N,5,39,17,19,16,22,
202011,인천,서구,당하동,VOD,영화,스릴러,N,3,164,154,128,125,125,
202011,경북,포항시 남구,해도동,LINEAR_TV,스포츠,스포츠,Y,2,8,0,3,1,19,
202011,경기,고양시 일산동구,정발산동,VOD,키즈,놀이교실,N,8,59,,24,47,58,
202011,경기,화성시,마도면,LINEAR_TV,TV 애니메이션,호러/공포,N,7,77,,10,27,125,
202011,대전,대덕구,법1동,VOD,영화,극장판 애니,N,4,184,93,65,186,137,
202011,울산,울주군,서생면,LINEAR_TV,공연/음악,기타,Y,6,59,24,13,24,45,
202011,경기,성남시 분당구,정자3동,LINEAR_TV,TV 드라마,스페셜,Y,4,34,23,16,37,21,
202011,서울,양천구,목2동,LINEAR_TV,영화,기타,N,3,20,20,11,12,12,
202011,광주,서구,광천동,VOD,영화,기타,N,205,133,164,76,74,128,
202011,인천,서구,검암경서동,LINEAR_TV,스포츠,종합스포츠,N,3,18,4,15,19,10,
202011,광주,남구,효덕동,LINEAR_TV,공연/음악,클래식,N,3,14,13,13,11,7,
202011,경기,수원시 팔달구,우만1동,LINEAR_TV,다큐,인물,N,2,11,1,9,9,15,
202011,서울,종로구,숭인1동,LINEAR_TV,TV 드라마,TV 드라마,N,81,852,141,240,212,471,
202011,경기,의정부시,신곡2동,VOD,영화,액션,Y,3,158,118,112,126,105,
202011,서울,송파구,잠실2동,LINEAR_TV,라이프,미용/패션,N,3,15,7,28,3,6,
202011,경기,용인시 기흥구,상하동,LINEAR_TV,스포츠,기타,N,18,124,59,45,63,75,
202011,강원,인제군,남면,LINEAR_TV,TV 애니메이션,기타,Y,5,51,44,37,22,27,
202011,대구,동구,혁신동,LINEAR_TV,홈쇼핑,가전,N,4,8,5,2,6,5,
202011,서울,강남구,논현1동,LINEAR_TV,영화,단편,Y,2,2,2,,,1,
202011,전북,군산시,소룡동,VOD,키즈,드라마,N,2,41,9,28,57,27,
202011,인천,부평구,갈산1동,VOD,키즈,놀이교실,N,27,65,169,35,26,63,
202011,전남,목포시,삼향동,LINEAR_TV,영화,로맨틱코미디,Y,2,9,5,6,26,9,
202011,전남,나주시,영강동,LINEAR_TV,TV 애니메이션,명랑/코믹,Y,20,170,0,97,159,62,
202011,서울,중구,약수동,LINEAR_TV,라이프,리빙,N,2,7,1,10,7,0,
202011,부산,남구,용당동,VOD,영화,액션,N,3,167,110,132,91,125,
202011,충남,아산시,온양6동,LINEAR_TV,스포츠,야구,Y,4,34,15,15,31,14,
202011,대구,동구,안심3.4동,LINEAR_TV,스포츠,레슬링,N,3,10,4,17,7,5,
202011,충남,당진시,당진1동,LINEAR_TV,연예/오락,쇼,Y,47,541,75,129,153,288,
202011,광주,광산구,신창동,LINEAR_TV,홈쇼핑,수산물,Y,2,3,6,2,2,2,
202011,부산,해운대구,좌3동,LINEAR_TV,홈쇼핑,여행,Y,2,2,2,,,2,
202011,충남,아산시,신창면,VOD,영화,스릴러,N,2,104,47,103,124,82,
202011,전남,화순군,화순읍,LINEAR_TV,라이프,여행,Y,4,34,13,15,24,27,
202011,울산,남구,신정3동,LINEAR_TV,영화,단편,Y,2,7,7,,,0,
202011,인천,남구,문학동,LINEAR_TV,스포츠,축구,Y,7,88,26,19,39,74,
202011,경기,군포시,대야동,LINEAR_TV,홈쇼핑,침구,Y,2,2,3,1,1,1,
202011,서울,강동구,고덕1동,LINEAR_TV,영화,로맨틱코미디,Y,3,10,8,10,6,7,
202011,서울,노원구,중계1동,VOD,키즈,책,N,8,68,12,22,57,62,
202011,경기,고양시 일산서구,탄현동,LINEAR_TV,연예/오락,기타,Y,73,792,74,147,293,364,
202011,경기,안성시,고삼면,LINEAR_TV,다큐,동물,Y,3,56,,15,54,0,
202011,경기,용인시 기흥구,마북동,LINEAR_TV,영화,액션/어드벤쳐,N,23,168,64,38,64,103,
202011,충남,서산시,고북면,LINEAR_TV,라이프,요리,Y,3,9,0,3,6,9,
202011,경기,성남시 분당구,구미동,LINEAR_TV,다큐,동물,N,3,29,18,10,33,10,
202011,광주,남구,백운2동,LINEAR_TV,홈쇼핑,인테리어,Y,2,5,17,0,1,6,
202011,경기,김포시,장기본동,LINEAR_TV,영화,무협,N,2,19,7,19,15,15,
202011,경남,합천군,대양면,LINEAR_TV,공연/음악,콘서트,Y,2,2,,,1,3,
202011,전남,여수시,중앙동,VOD,영화,액션,N,3,179,93,,117,209,
202011,대구,북구,침산2동,LINEAR_TV,TV 드라마,TV 드라마,N,61,763,94,226,196,427,
202011,경기,고양시 덕양구,삼송동,VOD,키즈,독서동화,Y,3,31,,9,53,12,
202011,전남,여수시,여서동,LINEAR_TV,TV 애니메이션,호러/공포,Y,6,50,,37,22,32,
202011,강원,원주시,단구동,LINEAR_TV,연예/오락,쇼,N,72,803,104,175,256,409,
202011,경기,수원시 팔달구,매산동,LINEAR_TV,다큐,자연,N,2,14,15,5,11,11,
202011,강원,춘천시,퇴계동,LINEAR_TV,교육,기타,N,1,1,,,1,2,
202011,경기,성남시 분당구,금곡동,LINEAR_TV,스포츠,종합스포츠,Y,3,12,6,9,9,10,
202011,부산,강서구,명지동,LINEAR_TV,스포츠,낚시,Y,3,10,0,6,0,21,
202011,광주,동구,계림2동,LINEAR_TV,교육,중등,Y,2,3,,1,2,8,
202011,경북,경주시,중부동,LINEAR_TV,교육,고등/수능,N,2,0,0,0,0,0,
202011,서울,구로구,구로4동,LINEAR_TV,홈쇼핑,가구,N,2,3,3,2,0,3,
202011,경기,고양시 일산서구,탄현동,LINEAR_TV,홈쇼핑,수산물,N,3,4,3,3,3,2,
202011,대구,수성구,황금1동,LINEAR_TV,홈쇼핑,가구,Y,2,3,1,3,1,3,
202011,제주,서귀포시,표선면,LINEAR_TV,스포츠,레이싱,Y,2,11,1,0,21,0,
202011,경기,파주시,금촌3동,VOD,다큐,자연/동물,Y,2,23,3,10,39,10,
202011,경기,평택시,비전1동,LINEAR_TV,스포츠,격투기,N,5,32,18,22,16,25,
202011,NULL,김해시,활천동,LINEAR_TV,연예/오락,기타,Y,42,524,97,69,441,251,
202011,경기,이천시,백사면,LINEAR_TV,시사/교양,기타,Y,34,304,64,122,82,110,
202011,서울,구로구,수궁동,LINEAR_TV,영화,SF/환타지,Y,6,42,16,14,25,24,
202011,광주,남구,월산4동,VOD,영화,로맨스,Y,2,75,89,24,106,79,
202011,대구,동구,효목1동,VOD,영화,공포,N,3,89,,,86,70,
202011,인천,남동구,만수2동,LINEAR_TV,홈쇼핑,유아동,N,2,3,,,3,,
202011,서울,강남구,대치2동,VOD,방송,시사교양,N,4,152,120,67,139,96,
202011,경북,포항시 북구,양학동,LINEAR_TV,TV 드라마,시트콤,Y,3,13,23,3,4,11,
202011,제주,제주시,일도2동,LINEAR_TV,스포츠,낚시,N,7,31,13,16,15,29,
202011,광주,서구,동천동,VOD,키즈,노래 율동,N,5,51,,42,12,39,
202011,전남,여수시,시전동,LINEAR_TV,영화,액션/어드벤쳐,N,21,186,67,46,66,111,
202011,전북,군산시,수송동,LINEAR_TV,스포츠,레슬링,N,5,22,10,19,16,17,
202011,서울,성동구,사근동,LINEAR_TV,TV 드라마,기타,Y,7,68,24,29,25,48,
202011,부산,영도구,동삼1동,LINEAR_TV,다큐,자연,N,3,13,10,7,14,11,
202011,경기,평택시,현덕면,LINEAR_TV,스포츠,스포츠,Y,2,3,10,1,1,2,
202011,서울,성북구,석관동,LINEAR_TV,시사/교양,경제,N,24,192,27,276,108,40,
202011,울산,남구,신정3동,VOD,키즈,애니,Y,6,44,,19,31,43,
202011,전남,영암군,덕진면,LINEAR_TV,시사/교양,기타,N,50,600,101,157,212,259,
202011,전남,목포시,이로동,LINEAR_TV,다큐,역사,N,2,14,12,1,10,34,
202011,서울,영등포구,여의동,LINEAR_TV,영화,애니메이션,N,3,26,7,21,21,17,
202011,경기,남양주시,다산1동,LINEAR_TV,스포츠,축구,Y,8,78,58,27,26,50,
202011,경기,용인시 기흥구,동백1동,LINEAR_TV,TV 애니메이션,명랑/코믹,N,30,238,23,80,165,137,
202011,경기,화성시,반월동,LINEAR_TV,영화,단편,Y,2,6,6,,,2,
202011,경기,수원시 장안구,정자1동,VOD,방송,드라마,N,24,,480,450,478,463,
202011,부산,서구,부민동,LINEAR_TV,스포츠,농구,N,9,36,12,8,8,48,
202011,경기,고양시 일산서구,주엽1동,LINEAR_TV,스포츠,정보,N,4,24,17,11,28,10,
202011,경기,안산시 단원구,선부1동,LINEAR_TV,라이프,여행,Y,3,26,12,11,15,22,
202011,전북,완주군,고산면,LINEAR_TV,TV 애니메이션,기타,Y,5,28,30,10,23,22,
202011,서울,영등포구,대림3동,LINEAR_TV,영화,서부,Y,3,21,2,13,17,15,
202011,서울,영등포구,당산1동,LINEAR_TV,정보,부동산/재테크,N,4,31,9,5,32,14,
202011,서울,영등포구,대림3동,LINEAR_TV,영화,애니메이션,N,3,26,9,19,19,22,
202011,강원,인제군,인제읍,LINEAR_TV,시사/교양,뉴스/시사,Y,25,232,38,115,73,86,
202011,전북,부안군,줄포면,LINEAR_TV,TV 드라마,TV 드라마,N,82,,132,630,297,505,
202011,경기,성남시 분당구,서현2동,LINEAR_TV,교육,기타,N,2,0,,,0,0,
202011,경기,수원시 권선구,서둔동,LINEAR_TV,게임,오락,Y,3,15,19,10,9,11,
202011,충북,제천시,봉양읍,LINEAR_TV,TV 애니메이션,SF/메카,Y,2,7,,7,10,5,
202011,인천,연수구,연수2동,LINEAR_TV,스포츠,정보,Y,3,19,18,3,14,12,
202011,대전,중구,태평1동,LINEAR_TV,홈쇼핑,가구,Y,2,4,3,5,3,1,
202011,전북,전주시 덕진구,송천1동,LINEAR_TV,스포츠,농구,Y,9,52,12,10,51,26,
202011,경기,안산시 단원구,신길동,LINEAR_TV,키즈(어린이),학습,N,13,102,23,113,33,51,
202011,인천,동구,송현1.2동,LINEAR_TV,TV 애니메이션,호러/공포,Y,7,49,0,51,16,18,
202011,부산,영도구,봉래1동,LINEAR_TV,스포츠,야구,N,16,183,35,29,34,170,
202011,경북,봉화군,봉화읍,LINEAR_TV,공연/음악,기타,Y,8,76,16,13,31,54,
202011,부산,동래구,안락1동,LINEAR_TV,시사/교양,기타,Y,47,391,104,140,101,136,
202011,경기,고양시 일산동구,고봉동,LINEAR_TV,교육,고등/수능,Y,2,1,1,0,0,0,
202011,서울,강북구,미아동,LINEAR_TV,TV 애니메이션,명랑/코믹,N,19,157,39,49,115,130,
202011,경기,광주시,오포읍,VOD,영화,기타,Y,51,41,53,40,33,27,
202011,부산,부산진구,개금2동,LINEAR_TV,TV 애니메이션,추리/미스터리,N,5,42,52,6,23,37,
202011,경기,수원시 권선구,평동,LINEAR_TV,TV 드라마,시트콤,N,3,14,17,9,2,11,
202011,울산,북구,염포동,LINEAR_TV,홈쇼핑,교육,Y,2,4,0,,,4,
202011,경기,군포시,광정동,LINEAR_TV,영화,단편,Y,2,8,8,,,0,
202011,경기,부천시,상2동,LINEAR_TV,정보,기타,N,2,12,29,11,6,3,
202011,서울,양천구,신정3동,LINEAR_TV,TV 애니메이션,기타,Y,4,26,8,18,21,25,
202011,전북,임실군,오수면,LINEAR_TV,TV 드라마,TV 드라마,N,65,,79,320,292,549,
202011,강원,태백시,상장동,LINEAR_TV,홈쇼핑,종합,Y,5,8,8,5,3,3,
202011,서울,강북구,삼각산동,LINEAR_TV,홈쇼핑,수산물,N,3,4,2,3,3,2,
202011,인천,부평구,청천2동,VOD,영화,다큐,Y,2,83,,83,89,30,
202011,대구,수성구,상동,LINEAR_TV,iTV등 기타,기타,N,33,465,244,360,109,131,
202011,대전,서구,월평3동,LINEAR_TV,라이프,요리,Y,3,12,3,9,12,8,
202011,부산,서구,서대신4동,LINEAR_TV,라이프,요리,N,3,17,8,18,19,6,
202011,경기,의정부시,의정부2동,LINEAR_TV,영화,멜로,Y,4,16,15,12,9,5,
202011,서울,노원구,월계3동,LINEAR_TV,영화,애니메이션,Y,3,25,7,17,21,21,
202011,서울,도봉구,방학3동,LINEAR_TV,홈쇼핑,가구,N,2,3,3,3,0,2,
202011,대전,동구,가양2동,LINEAR_TV,홈쇼핑,침구,Y,2,3,2,2,3,2,
202011,경북,구미시,선주원남동,VOD,애니,MCN,N,5,105,,32,79,121,
202011,충남,공주시,계룡면,LINEAR_TV,게임,오락,Y,3,29,0,0,27,38,
202011,경기,용인시 수지구,죽전1동,LINEAR_TV,다큐,동물,Y,3,21,2,7,21,6,
202011,광주,북구,중흥2동,LINEAR_TV,스포츠,종합스포츠,N,2,16,8,10,34,0,
202011,경남,산청군,단성면,LINEAR_TV,영화,코미디,Y,8,92,27,48,64,17,
202011,경기,고양시 덕양구,행신1동,LINEAR_TV,스포츠,정보,N,4,23,16,9,23,13,
202011,경기,안산시 상록구,해양동,LINEAR_TV,교육,외국어강좌,Y,3,12,0,8,13,8,
202011,강원,춘천시,강남동,LINEAR_TV,홈쇼핑,여행,N,2,1,2,,2,0,
202011,경남,양산시,서창동,LINEAR_TV,TV 애니메이션,학원/순정/연애,N,3,20,25,,18,16,
202011,대구,남구,대명5동,VOD,영화,드라마,Y,2,86,129,103,56,70,
202011,대구,중구,남산4동,LINEAR_TV,스포츠,스포츠,Y,2,12,10,1,6,20,
202011,서울,강동구,성내1동,LINEAR_TV,교육,교육,Y,2,15,7,6,12,14,
202011,경기,화성시,병점1동,LINEAR_TV,시사/교양,의학/건강,Y,3,14,9,12,6,8,
202011,대구,달서구,상인3동,LINEAR_TV,스포츠,정보,N,5,43,22,22,52,28,
202011,서울,도봉구,창2동,LINEAR_TV,스포츠,축구,N,11,104,105,54,35,50,
202011,강원,속초시,교동,LINEAR_TV,다큐,인물,Y,2,11,9,12,8,11,
202011,전북,전주시 완산구,효자4동,LINEAR_TV,TV 애니메이션,호러/공포,N,9,68,21,18,22,72,
202011,충북,제천시,봉양읍,LINEAR_TV,연예/오락,연예정보,N,4,27,11,15,16,17,
202011,경남,창원시 성산구,상남동,LINEAR_TV,홈쇼핑,가구,N,2,3,2,3,1,2,
202011,부산,부산진구,전포1동,LINEAR_TV,홈쇼핑,침구,Y,2,4,10,3,2,2,
202011,서울,용산구,이촌2동,LINEAR_TV,시사/교양,의학/건강,N,5,30,19,13,13,22,
202011,경기,고양시 덕양구,효자동,LINEAR_TV,교육,방송대학,N,2,3,1,21,0,0,
202011,광주,동구,지산2동,LINEAR_TV,스포츠,격투기,N,7,58,15,39,60,33,
202011,충북,청주시 서원구,남이면,LINEAR_TV,홈쇼핑,인테리어,N,2,3,3,0,2,2,
202011,충남,천안시 서북구,쌍용3동,LINEAR_TV,정보,기타,N,2,13,8,14,7,0,
202011,울산,중구,복산1동,LINEAR_TV,홈쇼핑,수산물,Y,2,3,0,5,2,0,
202011,충남,공주시,웅진동,LINEAR_TV,키즈(어린이),학습,N,9,67,22,81,30,27,
202011,부산,금정구,구서2동,LINEAR_TV,공연/음악,기타,Y,8,72,14,24,29,44,
202011,서울,마포구,서교동,LINEAR_TV,스포츠,스포츠,N,3,8,5,3,7,6,
202011,경기,고양시 일산동구,백석1동,VOD,애니,어린이방송,Y,3,33,,6,36,,
202011,서울,성동구,응봉동,LINEAR_TV,게임,오락,Y,3,12,10,15,6,6,
202011,경기,남양주시,도농동,VOD,영화,드라마,N,4,250,334,240,185,129,
202011,서울,강북구,수유3동,LINEAR_TV,홈쇼핑,금융/보험/상조,N,3,6,4,3,5,4,
202011,전북,완주군,삼례읍,LINEAR_TV,영화,서부,Y,3,17,10,10,17,11,
202011,서울,양천구,신월1동,LINEAR_TV,공연/음악,기타,N,10,64,34,22,33,37,
202011,전남,영광군,영광읍,LINEAR_TV,공연/음악,클래식,Y,2,0,,,0,0,
202011,경남,양산시,동면,LINEAR_TV,스포츠,야구,N,13,132,24,19,24,127,
202011,대전,중구,문화2동,LINEAR_TV,스포츠,야구,Y,5,41,9,16,38,14,
202011,서울,노원구,중계1동,VOD,키즈,노래 율동,N,9,52,,21,58,18,
202011,경기,시흥시,신천동,LINEAR_TV,스포츠,야구,N,15,147,30,26,24,138,
202011,대구,서구,비산7동,LINEAR_TV,연예/오락,연예정보,N,5,37,18,16,15,21,
202011,제주,제주시,삼도2동,LINEAR_TV,홈쇼핑,종합,N,5,13,17,3,4,2,
202011,서울,구로구,개봉1동,LINEAR_TV,라이프,미용/패션,N,4,13,19,13,3,4,
202011,경기,성남시 분당구,야탑2동,VOD,영화,스릴러,N,5,263,75,229,277,259,
202011,광주,광산구,첨단1동,LINEAR_TV,시사/교양,의학/건강,Y,3,16,7,14,6,10,
202011,인천,부평구,십정2동,LINEAR_TV,영화,역사,N,2,17,16,13,12,14,
202011,인천,서구,석남3동,LINEAR_TV,홈쇼핑,식품,N,14,31,11,14,16,11,
202011,경남,창원시 의창구,팔룡동,LINEAR_TV,영화,역사,Y,2,21,21,2,19,17,
202011,서울,성북구,성북동,LINEAR_TV,스포츠,레저,Y,8,61,34,36,30,34,
202011,광주,남구,월산5동,VOD,방송,시사교양,Y,6,278,232,233,105,125,
202011,강원,춘천시,효자3동,LINEAR_TV,다큐,역사,Y,2,14,5,,0,20,
202011,경기,성남시 분당구,야탑2동,LINEAR_TV,다큐,인물,Y,2,10,4,6,9,12,
202011,충남,천안시 서북구,입장면,VOD,영화,SF/판타지,Y,1,105,52,,,118,
202011,서울,강남구,수서동,LINEAR_TV,영화,액션/어드벤쳐,N,31,264,95,66,95,148,
202011,전남,보성군,벌교읍,LINEAR_TV,스포츠,레슬링,N,5,41,20,39,50,10,
202011,강원,원주시,중앙동,LINEAR_TV,영화,역사,N,2,39,50,6,28,69,
202011,경기,이천시,마장면,LINEAR_TV,영화,SF/환타지,N,8,65,31,18,33,40,
202011,서울,동작구,상도3동,LINEAR_TV,스포츠,배구,N,25,136,23,36,69,120,
202011,인천,부평구,산곡1동,LINEAR_TV,영화,드라마,N,19,116,58,34,58,46,
202011,경남,김해시,내외동,LINEAR_TV,교육,방송대학,Y,2,2,4,2,2,1,
202011,서울,종로구,종로5.6가동,LINEAR_TV,홈쇼핑,패션/의류,N,21,39,10,23,10,17,
202011,경기,용인시 처인구,포곡읍,LINEAR_TV,라이프,리빙,N,2,6,7,13,5,2,
202011,서울,서초구,반포3동,LINEAR_TV,다큐,동물,N,3,22,16,4,24,10,
202011,서울,서초구,양재1동,VOD,다큐,역사/문화,N,4,121,,52,99,73,
202011,경남,거제시,연초면,LINEAR_TV,스포츠,종합스포츠,N,3,21,2,42,17,2,
202011,서울,중구,명동,LINEAR_TV,라이프,기타,N,22,116,50,33,43,50,
202011,충남,금산군,복수면,LINEAR_TV,TV 드라마,기타,Y,3,24,25,15,0,49,
202011,NULL,부평구,부평1동,LINEAR_TV,라이프,기타,Y,19,154,22,61,64,52,
202011,인천,부평구,부평1동,LINEAR_TV,홈쇼핑,패션/의류,N,26,49,12,27,14,18,
202011,대구,북구,복현2동,LINEAR_TV,공연/음악,기타,N,7,54,27,19,25,35,
202011,전남,목포시,용당1동,VOD,영화,코미디,Y,1,61,93,86,52,37,
202011,서울,성북구,장위3동,LINEAR_TV,연예/오락,연예정보,N,6,44,16,24,21,21,
202011,충남,서산시,인지면,LINEAR_TV,다큐,인물,Y,2,11,9,3,8,29,
202011,강원,동해시,묵호동,LINEAR_TV,스포츠,정보,Y,4,34,25,4,41,13,
202011,경북,구미시,원평1동,LINEAR_TV,영화,기타,Y,3,15,16,5,12,9,
202011,인천,부평구,삼산1동,LINEAR_TV,홈쇼핑,건강/레포츠,Y,6,8,3,4,4,4,
202011,광주,남구,대촌동,LINEAR_TV,홈쇼핑,교육,Y,1,7,,,,7,
202011,경기,포천시,소흘읍,VOD,애니,드라마,N,10,256,31,196,160,104,
202011,경남,진주시,내동면,VOD,영화,시리즈,Y,54,532,380,706,358,253,
202011,경남,진주시,상평동,LINEAR_TV,스포츠,정보,Y,3,22,24,2,18,9,
202011,경기,하남시,풍산동,VOD,애니,드라마,N,3,57,44,84,15,126,
202011,인천,서구,검단동,LINEAR_TV,TV 애니메이션,명랑/코믹,N,27,240,39,88,167,146,
202011,서울,영등포구,여의동,LINEAR_TV,시사/교양,문화/예술,N,3,21,9,24,18,16,
202011,경기,성남시 수정구,태평4동,LINEAR_TV,홈쇼핑,인테리어,N,2,2,2,2,1,2,
202011,경기,의왕시,오전동,LINEAR_TV,스포츠,레저,N,11,99,35,50,57,70,
202011,전남,목포시,북항동,VOD,영화,액션,Y,3,148,106,118,114,93,
202011,대구,동구,신암4동,LINEAR_TV,홈쇼핑,수산물,Y,2,4,1,3,5,1,
202011,경기,포천시,선단동,VOD,애니,미스터리/공포,N,20,411,362,3,42,515,
202011,부산,연제구,거제2동,VOD,키즈,노래율동,Y,18,48,9,38,28,18,
202011,경기,시흥시,능곡동,LINEAR_TV,스포츠,종합스포츠,N,3,12,14,12,8,10,
202011,경기,이천시,관고동,VOD,키즈,외국어,Y,6,12,,9,24,0,
202011,전남,여수시,화양면,LINEAR_TV,스포츠,야구,N,12,127,42,30,57,112,
202011,광주,서구,화정3동,LINEAR_TV,영화,액션/어드벤쳐,Y,16,134,50,35,60,68,
202011,대전,대덕구,비래동,VOD,키즈,TV만화,N,81,598,689,338,221,328,
202011,대구,중구,대봉1동,LINEAR_TV,스포츠,낚시,N,6,35,16,25,32,22,
202011,인천,남구,용현5동,LINEAR_TV,스포츠,야구,Y,5,39,75,1,36,19,
202011,부산,연제구,연산4동,LINEAR_TV,공연/음악,콘서트,Y,3,16,6,1,11,14,
202011,서울,중구,신당1동,LINEAR_TV,라이프,미용/패션,N,6,20,1,27,7,1,
202011,경북,구미시,공단2동,LINEAR_TV,영화,멜로,N,6,21,20,14,10,9,
202011,강원,강릉시,홍제동,LINEAR_TV,영화,로맨틱코미디,N,3,13,8,15,12,3,
202011,울산,울주군,언양읍,LINEAR_TV,TV 드라마,TV 드라마,N,62,762,85,244,201,417,
202011,서울,관악구,행운동,LINEAR_TV,영화,영화,N,2,15,9,0,14,16,
202011,서울,송파구,잠실2동,LINEAR_TV,스포츠,배구,Y,11,66,13,14,63,25,
202011,인천,부평구,삼산2동,LINEAR_TV,홈쇼핑,가전,Y,4,7,4,3,4,4,
202011,강원,춘천시,근화동,VOD,방송,연예오락,Y,9,453,277,199,248,212,
202011,강원,원주시,봉산동,LINEAR_TV,홈쇼핑,기타,Y,8,16,7,5,4,10,
202011,대전,동구,중앙동,LINEAR_TV,스포츠,스포츠,Y,2,1,0,3,2,0,
202011,경기,안산시 단원구,신길동,LINEAR_TV,홈쇼핑,식품,Y,6,11,5,7,5,4,
202011,경남,밀양시,가곡동,LINEAR_TV,홈쇼핑,보석/시계,Y,2,2,1,,2,0,
202011,경기,부천시,상2동,LINEAR_TV,TV 드라마,TV 드라마,Y,29,385,36,76,135,217,
202011,대구,북구,태전1동,LINEAR_TV,영화,다큐멘터리,N,2,7,16,2,4,3,
202011,경기,안산시 상록구,사동,LINEAR_TV,공연/음악,기타,Y,7,69,17,18,30,47,
202011,경기,성남시 분당구,수내3동,LINEAR_TV,라이프,요리,Y,3,12,0,5,11,8,
202011,경기,남양주시,오남읍,LINEAR_TV,iTV등 기타,기타,N,39,389,170,324,187,149,
202011,경북,안동시,일직면,LINEAR_TV,연예/오락,쇼,Y,40,585,75,203,92,310,
202011,부산,북구,금곡동,LINEAR_TV,라이프,여행,N,6,39,14,23,13,29,
202011,경남,창원시 진해구,경화동,LINEAR_TV,스포츠,종합스포츠,Y,2,13,20,7,11,12,
202011,서울,양천구,목1동,LINEAR_TV,홈쇼핑,가구,N,2,3,3,3,1,2,
202011,경북,포항시 남구,효곡동,LINEAR_TV,라이프,미용/패션,Y,3,9,16,8,4,3,
202011,서울,강남구,논현1동,VOD,영화,공포,N,6,225,253,137,112,47,
202011,경기,성남시 분당구,정자동,LINEAR_TV,스포츠,레이싱,Y,3,9,2,1,5,22,
202011,경북,영천시,북안면,LINEAR_TV,스포츠,정보,N,7,64,3,3,68,31,
202011,대구,북구,관문동,LINEAR_TV,스포츠,야구,Y,5,36,18,14,33,13,
202011,경기,평택시,송북동,VOD,키즈,노래율동,Y,20,135,19,97,89,79,
202011,경남,고성군,거류면,LINEAR_TV,정보,부동산/재테크,N,2,8,0,,12,,
202011,경북,상주시,동성동,LINEAR_TV,다큐,동물,N,2,4,15,3,1,5,
202011,부산,부산진구,가야1동,LINEAR_TV,공연/음악,뮤지컬/오페라,Y,2,8,,,13,0,
202011,제주,서귀포시,서홍동,LINEAR_TV,TV 드라마,기타,Y,6,75,32,21,34,62,
202011,서울,동대문구,전농2동,VOD,방송,연예오락,N,10,590,307,241,377,259,
202011,부산,사하구,다대2동,LINEAR_TV,시사/교양,의학/건강,N,4,26,14,12,12,17,
202011,서울,노원구,상계1동,LINEAR_TV,TV 드라마,TV 드라마,N,70,822,98,239,186,459,
202011,경기,성남시 분당구,백현동,LINEAR_TV,스포츠,기타,Y,26,224,60,100,126,86,
202011,경기,성남시 분당구,구미동,LINEAR_TV,스포츠,레저,Y,8,52,21,28,30,28,
202011,서울,중구,청구동,LINEAR_TV,스포츠,배구,N,20,116,15,28,57,98,
202011,경기,고양시 일산서구,일산1동,LINEAR_TV,영화,뮤지컬,Y,2,0,0,1,,,
202011,경남,김해시,활천동,LINEAR_TV,공연/음악,기타,Y,8,79,18,26,33,45,
202011,충남,아산시,둔포면,VOD,라이프,예술,Y,3,42,51,,10,24,
202011,충북,청주시 서원구,모충동,LINEAR_TV,영화,로맨틱코미디,Y,3,13,10,14,4,5,
202011,충남,천안시 동남구,신안동,VOD,영화,시리즈,Y,11,106,126,64,82,58,
202011,인천,서구,청라1동,LINEAR_TV,연예/오락,쇼,Y,58,667,83,156,189,329,
202011,울산,북구,농소3동,LINEAR_TV,영화,애니메이션,N,4,38,13,22,30,25,
202011,경북,칠곡군,지천면,LINEAR_TV,영화,멜로,Y,2,17,8,29,2,,
202011,경북,안동시,서구동,VOD,키즈,노래율동,Y,64,117,,69,52,76,
202011,충북,청주시 서원구,분평동,LINEAR_TV,스포츠,야구,Y,5,40,24,15,34,16,
202011,전북,군산시,나운2동,LINEAR_TV,스포츠,정보,Y,4,24,20,5,19,10,
202011,부산,부산진구,초읍동,LINEAR_TV,라이프,요리,Y,2,11,11,5,10,7,
202011,부산,서구,초장동,VOD,영화,드라마,N,3,209,255,191,95,89,
202011,대구,서구,평리6동,LINEAR_TV,스포츠,배구,Y,13,80,9,29,69,38,
202011,강원,동해시,천곡동,LINEAR_TV,홈쇼핑,교육,Y,2,2,0,,,2,
202011,서울,종로구,사직동,LINEAR_TV,홈쇼핑,교육,N,2,3,0,8,0,1,
202011,서울,강남구,역삼1동,LINEAR_TV,영화,코미디,Y,5,40,20,19,27,23,
202011,서울,종로구,가회동,LINEAR_TV,스포츠,스포츠,Y,2,11,0,1,0,24,
202011,인천,미추홀구,주안2동,VOD,영화,시리즈,N,25,240,214,164,124,94,
202011,인천,남동구,장수서창동,LINEAR_TV,다큐,동물,Y,3,22,3,6,23,9,
202011,경기,수원시 영통구,매탄1동,LINEAR_TV,시사/교양,의학/건강,N,4,25,11,14,13,17,
202011,경기,용인시 기흥구,구갈동,LINEAR_TV,공연/음악,기타,Y,7,64,13,15,25,45,
202011,경기,광명시,광명4동,LINEAR_TV,홈쇼핑,보석/시계,N,2,2,,3,1,2,
202011,서울,중랑구,망우3동,VOD,키즈,TV만화,N,44,302,122,163,110,246,500
202011,경기,군포시,산본2동,LINEAR_TV,영화,SF/환타지,Y,7,45,17,15,26,26,
202011,서울,강남구,삼성1동,LINEAR_TV,TV 애니메이션,액션/모험,N,11,103,20,134,43,59,
202011,울산,중구,병영1동,VOD,영화,스릴러,Y,2,102,93,74,86,84,
202011,경남,진주시,집현면,LINEAR_TV,연예/오락,연예정보,N,5,38,13,22,18,24,
202011,경북,경산시,중앙동,LINEAR_TV,키즈(어린이),학습,Y,7,48,32,19,37,78,
202011,인천,남동구,만수4동,LINEAR_TV,공연/음악,콘서트,N,2,10,11,5,9,6,
202011,서울,용산구,효창동,LINEAR_TV,TV 애니메이션,추리/미스터리,Y,6,30,18,12,12,28,
202011,서울,강북구,번2동,VOD,방송,기타,N,32,17,13,,24,0,
202011,경기,고양시 일산동구,정발산동,LINEAR_TV,정보,부동산/재테크,Y,3,15,16,13,10,16,
202011,경기,파주시,교하동,LINEAR_TV,iTV등 기타,기타,N,31,355,224,255,164,166,
202011,부산,남구,대연6동,VOD,키즈,외국어,Y,11,68,2,47,87,27,
202011,인천,강화군,강화읍,LINEAR_TV,시사/교양,문화/예술,N,2,12,10,8,12,7,
202011,광주,광산구,첨단1동,VOD,영화,SF/판타지,N,3,183,,143,140,52,
202011,대구,북구,무태조야동,LINEAR_TV,영화,단편,N,2,4,,,,4,
202011,충북,청주시 서원구,성화.개신.죽림동,VOD,해외시리즈,중국,N,19,707,407,313,385,356,
202011,부산,부산진구,연지동,LINEAR_TV,다큐,동물,N,3,16,21,11,25,11,
202011,경기,양주시,광적면,LINEAR_TV,공연/음악,기타,N,8,44,11,15,30,28,
202011,부산,북구,구포1동,LINEAR_TV,홈쇼핑,인테리어,Y,2,3,1,4,2,3,
202011,경북,칠곡군,기산면,VOD,키즈,TV만화,Y,47,407,162,162,155,239,
202011,경기,안성시,원곡면,LINEAR_TV,라이프,미용/패션,N,5,22,37,12,2,14,
202011,경기,평택시,서정동,LINEAR_TV,홈쇼핑,식품,Y,6,12,6,8,5,4,
202011,서울,강동구,명일1동,VOD,키즈,책,N,6,56,,32,61,36,
202011,경기,시흥시,매화동,LINEAR_TV,정보,기타,N,2,16,11,18,11,7,
202011,경북,경주시,현곡면,VOD,애니,코미디,N,5,94,163,88,57,70,
202011,전남,곡성군,옥과면,LINEAR_TV,라이프,여행,Y,3,20,2,6,12,16,
202011,인천,미추홀구,주안7동,LINEAR_TV,교육,방송대학,N,3,21,75,0,0,23,
202011,대전,대덕구,송촌동,LINEAR_TV,홈쇼핑,뷰티,N,7,14,6,8,6,6,
202011,대전,유성구,신성동,LINEAR_TV,TV 애니메이션,액션/모험,Y,9,63,22,35,42,36,
202011,대구,북구,노원동,LINEAR_TV,홈쇼핑,기타,N,12,26,7,12,9,15,
202011,서울,송파구,오륜동,LINEAR_TV,영화,애니메이션,N,3,19,0,9,18,15,
202011,충남,천안시 서북구,성거읍,LINEAR_TV,스포츠,종합스포츠,Y,3,18,3,10,15,17,
202011,충남,금산군,제원면,LINEAR_TV,공연/음악,기타,Y,4,42,,12,43,33,
202011,서울,관악구,미성동,LINEAR_TV,공연/음악,클래식,N,4,26,7,21,7,27,
202011,대전,동구,가양1동,LINEAR_TV,TV 애니메이션,기타,N,6,44,40,13,27,52,
202011,전남,담양군,고서면,LINEAR_TV,스포츠,정보,N,7,47,50,1,39,13,
202011,서울,서대문구,북아현동,LINEAR_TV,스포츠,정보,N,4,21,16,6,20,10,
202011,충북,충주시,지현동,VOD,영화,시리즈,Y,5,41,28,56,24,20,
202011,인천,미추홀구,용현5동,VOD,영화,기타,Y,36,25,42,2,28,26,
202011,경북,김천시,대곡동,LINEAR_TV,라이프,요리,Y,2,10,0,6,10,9,
202011,강원,화천군,상서면,LINEAR_TV,영화,다큐멘터리,Y,2,19,2,,21,,
202011,경기,부천시,심곡동,LINEAR_TV,홈쇼핑,식품,N,12,27,9,10,14,10,
202011,부산,중구,대청동,LINEAR_TV,TV 애니메이션,명랑/코믹,Y,14,104,12,46,76,72,
202011,경기,포천시,일동면,LINEAR_TV,홈쇼핑,수산물,Y,2,5,6,0,4,4,
202011,경기,동두천시,보산동,LINEAR_TV,스포츠,스포츠,Y,2,3,3,5,0,1,
202011,인천,중구,용유동,LINEAR_TV,영화,액션/어드벤쳐,N,11,100,44,11,42,79,
202011,경북,김천시,어모면,LINEAR_TV,시사/교양,의학/건강,Y,4,19,21,14,12,8,
202011,경기,연천군,청산면,LINEAR_TV,영화,액션/어드벤쳐,Y,24,240,73,57,105,115,
202011,인천,미추홀구,관교동,LINEAR_TV,라이프,요리,N,3,13,8,13,18,4,
202011,서울,성북구,보문동,LINEAR_TV,영화,역사,N,3,20,20,9,18,9,
202011,경북,포항시 남구,연일읍,VOD,애니,시리즈,N,13,274,158,143,214,174,
202011,서울,관악구,보라매동,LINEAR_TV,TV 애니메이션,SF/메카,Y,3,20,9,11,22,20,
202011,경남,거제시,둔덕면,LINEAR_TV,TV 드라마,TV 드라마,N,73,960,61,184,442,669,
202011,경기,시흥시,정왕2동,LINEAR_TV,시사/교양,의학/건강,Y,3,15,9,13,4,8,
202011,서울,영등포구,신길1동,LINEAR_TV,영화,드라마,N,17,108,54,34,49,46,
202011,경기,수원시 팔달구,지동,LINEAR_TV,키즈(어린이),학습,Y,8,49,2,21,67,69,
202011,경기,성남시 분당구,서현1동,LINEAR_TV,게임,오락,Y,3,12,14,6,7,8,
202011,충남,천안시 동남구,북면,LINEAR_TV,영화,영화,N,3,16,19,,11,11,
202011,경기,광명시,하안1동,LINEAR_TV,공연/음악,콘서트,Y,3,15,11,1,10,12,
202011,경기,시흥시,정왕1동,LINEAR_TV,시사/교양,의학/건강,N,4,21,11,11,12,14,
202011,부산,강서구,명지2동,LINEAR_TV,교육,중등,Y,2,3,,9,1,3,
202011,광주,광산구,월곡2동,LINEAR_TV,TV 드라마,시트콤,N,3,16,30,1,,7,
202011,서울,동대문구,답십리2동,VOD,영화,시리즈,Y,17,165,171,142,101,88,
202011,광주,광산구,하남동,VOD,애니,SF/판타지,Y,4,76,15,76,46,77,
202011,대구,북구,침산2동,LINEAR_TV,스포츠,격투기,N,4,29,23,14,9,24,
202011,경북,성주군,초전면,LINEAR_TV,TV 애니메이션,호러/공포,N,4,30,,,8,32,
202011,충북,청주시 상당구,용암2동,LINEAR_TV,키즈(어린이),학습,N,13,99,40,88,38,56,
202011,경기,가평군,청평면,LINEAR_TV,공연/음악,기타,Y,7,76,18,18,36,55,
202011,서울,중랑구,상봉1동,VOD,영화,스릴러,N,3,142,134,98,82,113,
202011,서울,동작구,상도4동,LINEAR_TV,영화,뮤지컬,Y,2,0,0,0,,,
202011,부산,금정구,서2동,LINEAR_TV,홈쇼핑,인테리어,Y,2,3,8,3,0,2,
202011,충남,태안군,태안읍,VOD,해외시리즈,미국,N,10,381,299,254,243,197,
202011,대구,서구,평리4동,VOD,애니,코미디,N,7,118,24,153,66,107,
202011,경기,부천시,소사본동,LINEAR_TV,라이프,리빙,Y,2,2,5,1,2,1,
202011,서울,종로구,평창동,LINEAR_TV,스포츠,야구,Y,5,33,15,13,29,15,
202011,경기,수원시 장안구,정자2동,VOD,영화,극장판 애니,N,5,284,168,181,225,168,
202011,대구,동구,신암4동,LINEAR_TV,홈쇼핑,건강/레포츠,N,6,9,5,4,3,6,
202011,경북,영주시,휴천1동,LINEAR_TV,TV 애니메이션,SF/메카,N,3,15,,12,15,,
202011,경기,의정부시,호원1동,LINEAR_TV,스포츠,스포츠,Y,3,7,2,7,1,9,
202011,인천,서구,마전동,LINEAR_TV,홈쇼핑,가정/주방/생활용품,Y,5,8,2,4,4,4,
202011,충북,청주시 청원구,내덕1동,LINEAR_TV,홈쇼핑,식품,N,14,32,9,14,17,11,
202011,서울,강동구,천호3동,LINEAR_TV,시사/교양,문화/예술,Y,2,15,19,5,21,9,
202011,부산,부산진구,개금1동,LINEAR_TV,다큐,동물,Y,3,24,7,9,24,13,
202011,경북,경주시,외동읍,VOD,방송,연예오락,N,12,718,203,326,399,386,
202011,경북,경주시,동천동,LINEAR_TV,스포츠,기타,N,15,106,44,66,48,74,
202011,서울,강북구,번1동,LINEAR_TV,교육,교육,N,3,20,19,18,8,13,
202011,서울,마포구,공덕동,LINEAR_TV,시사/교양,뉴스/시사,Y,38,373,48,161,113,139,
202011,전남,여수시,월호동,LINEAR_TV,스포츠,격투기,Y,5,33,11,19,25,19,
202011,서울,관악구,난곡동,LINEAR_TV,홈쇼핑,가전,Y,4,7,3,2,5,4,
202011,경북,문경시,점촌2동,LINEAR_TV,교육,외국어강좌,N,3,12,9,9,18,2,
202011,대구,동구,신천4동,VOD,방송,시사교양,N,8,373,341,224,168,138,
202011,경남,창원시 성산구,웅남동,LINEAR_TV,스포츠,기타,N,14,93,37,50,47,57,
202011,대전,서구,둔산1동,LINEAR_TV,시사/교양,기타,N,73,646,94,261,183,261,
202011,경남,양산시,원동면,LINEAR_TV,연예/오락,쇼,Y,26,297,45,87,106,181,
202011,경기,파주시,적성면,LINEAR_TV,라이프,리빙,N,2,6,0,0,5,9,
202011,대전,유성구,진잠동,LINEAR_TV,라이프,리빙,Y,2,3,5,1,2,2,
202011,서울,성동구,금호2.3가동,LINEAR_TV,영화,기타,Y,3,11,12,5,5,11,
202011,경기,수원시 영통구,영통2동,VOD,해외시리즈,중국,N,25,857,810,630,462,467,
202011,전남,곡성군,입면,LINEAR_TV,TV 애니메이션,추리/미스터리,Y,4,29,,,17,26,
202011,대전,대덕구,신탄진동,LINEAR_TV,홈쇼핑,가정/주방/생활용품,Y,5,9,3,5,5,4,
202011,경북,경산시,압량읍,LINEAR_TV,홈쇼핑,보석/시계,N,2,3,0,3,2,1,
202011,경북,경산시,진량읍,LINEAR_TV,라이프,리빙,N,2,4,1,5,4,2,
202011,경기,안양시 동안구,부림동,VOD,애니,액션/모험,Y,5,119,182,96,122,40,
202011,서울,도봉구,도봉2동,VOD,키즈,노래율동,Y,46,177,44,89,84,177,
202011,서울,강남구,청담동,VOD,키즈,TV만화,N,35,286,206,138,190,136,
202011,대구,남구,대명5동,LINEAR_TV,공연/음악,뮤지컬/오페라,N,2,9,9,,,,
202011,충북,괴산군,칠성면,LINEAR_TV,홈쇼핑,식품,N,9,19,31,5,22,6,
202011,경기,의정부시,신곡2동,LINEAR_TV,홈쇼핑,유아동,N,2,4,,,4,,
202011,경기,안양시 만안구,석수2동,VOD,애니,시리즈,Y,9,128,125,97,63,77,
202011,인천,서구,신현원창동,VOD,키즈,창의학습,N,5,54,,33,71,29,
202011,서울,강남구,도곡1동,LINEAR_TV,영화,SF/환타지,N,9,55,23,15,25,38,
202011,대전,대덕구,법2동,LINEAR_TV,정보,부동산/재테크,N,4,13,30,,6,6,
202011,경기,남양주시,진건읍,LINEAR_TV,라이프,기타,N,30,165,53,47,61,58,
202011,충남,예산군,신양면,LINEAR_TV,홈쇼핑,기타,Y,7,6,1,10,1,3,
202011,경기,동두천시,소요동,LINEAR_TV,정보,기타,Y,2,13,8,15,8,2,
202011,인천,남동구,장수서창동,LINEAR_TV,스포츠,배구,N,16,100,16,32,54,85,
202011,경기,과천시,별양동,LINEAR_TV,영화,액션/어드벤쳐,N,23,181,60,48,71,115,
202011,경기,성남시 수정구,태평1동,VOD,키즈,노래율동,Y,33,120,124,78,78,63,
202011,대구,달서구,용산1동,LINEAR_TV,스포츠,레슬링,N,7,48,8,48,40,28,
202011,제주,제주시,도두동,LINEAR_TV,연예/오락,연예정보,N,5,46,25,20,21,26,
202011,인천,동구,금창동,LINEAR_TV,영화,서부,N,4,32,8,33,23,24,
202011,제주,서귀포시,중문동,LINEAR_TV,홈쇼핑,패션/의류,N,21,44,13,25,12,18,
202011,서울,성동구,왕십리2동,LINEAR_TV,정보,기타,Y,2,11,9,13,2,1,
202011,경기,화성시,봉담읍,LINEAR_TV,라이프,기타,Y,16,77,24,24,31,24,
202011,경기,용인시 수지구,풍덕천1동,LINEAR_TV,연예/오락,연예정보,Y,8,75,10,35,43,29,
202011,전북,군산시,구암동,LINEAR_TV,스포츠,농구,N,6,57,6,13,9,63,
202011,경북,고령군,대가야읍,LINEAR_TV,TV 애니메이션,기타,Y,4,37,6,33,23,21,
202011,서울,강동구,천호3동,LINEAR_TV,정보,기타,N,2,15,12,18,10,5,
202011,경기,화성시,동탄8동,LINEAR_TV,교육,고등/수능,Y,2,7,5,2,0,15,
202011,경기,하남시,덕풍1동,LINEAR_TV,TV 애니메이션,학원/순정/연애,N,2,13,1,,21,4,
202011,충북,청주시 상당구,중앙동,VOD,키즈,놀이교실,Y,6,40,14,17,61,56,
202011,경기,파주시,파평면,LINEAR_TV,홈쇼핑,수산물,N,3,6,18,0,1,2,
202011,경기,수원시 팔달구,화서2동,LINEAR_TV,스포츠,레저,Y,7,38,21,18,18,24,
202011,서울,강서구,우장산동,VOD,키즈,다큐멘터리,Y,5,44,,34,53,38,
202011,충남,당진시,당진2동,LINEAR_TV,스포츠,정보,N,4,28,16,22,47,14,
202011,경기,고양시 일산서구,송산동,VOD,영화,공포,N,3,171,280,151,68,127,
202011,경기,의정부시,자금동,LINEAR_TV,라이프,여행,N,5,33,13,23,14,24,
202011,강원,고성군,간성읍,LINEAR_TV,스포츠,종합스포츠,N,2,10,0,4,11,10,
202011,경기,화성시,동탄4동,VOD,키즈,창의학습,Y,5,37,9,4,35,64,
202011,경북,영천시,금호읍,LINEAR_TV,시사/교양,문화/예술,Y,2,9,4,,2,12,
202011,NULL,용산구,후암동,LINEAR_TV,홈쇼핑,금융/보험/상조,N,3,11,1,0,20,0,
202011,경기,안산시 상록구,반월동,VOD,라이프,예술,Y,2,59,45,16,143,49,
202011,강원,횡성군,둔내면,LINEAR_TV,다큐,역사,Y,2,10,6,3,0,15,
202011,광주,남구,월산4동,LINEAR_TV,연예/오락,쇼,N,57,703,116,174,227,352,
202011,부산,남구,대연5동,LINEAR_TV,영화,애니메이션,Y,4,35,53,25,25,28,
202011,전북,완주군,봉동읍,LINEAR_TV,TV 애니메이션,명랑/코믹,Y,20,162,27,73,107,73,
202011,광주,광산구,본량동,LINEAR_TV,홈쇼핑,뷰티,N,7,18,13,9,15,3,
202011,부산,금정구,부곡4동,LINEAR_TV,공연/음악,콘서트,Y,3,15,7,2,12,11,
202011,경기,이천시,마장면,LINEAR_TV,영화,무협,N,2,16,0,15,18,11,
202011,경기,양주시,장흥면,LINEAR_TV,홈쇼핑,식품,N,11,28,7,12,13,13,
202011,서울,강서구,화곡1동,LINEAR_TV,공연/음악,클래식,N,4,29,17,39,14,19,
202011,부산,동래구,온천1동,VOD,라이프,예술,Y,2,70,68,187,37,12,
202011,부산,영도구,동삼3동,LINEAR_TV,홈쇼핑,수산물,Y,2,4,4,3,3,2,
202011,제주,제주시,노형동,LINEAR_TV,스포츠,농구,Y,7,36,10,12,33,23,
202011,광주,서구,상무2동,LINEAR_TV,공연/음악,콘서트,Y,3,16,14,0,13,11,
202011,인천,부평구,산곡1동,VOD,애니,액션/모험,N,8,137,42,85,112,70,
202011,경남,창녕군,부곡면,LINEAR_TV,홈쇼핑,금융/보험/상조,N,2,8,0,,13,0,
202011,서울,성동구,금호4가동,LINEAR_TV,라이프,여행,Y,4,38,4,7,23,32,
202011,경남,창원시 마산합포구,진전면,LINEAR_TV,홈쇼핑,패션/의류,Y,22,61,25,32,6,26,
202011,경기,성남시 수정구,양지동,LINEAR_TV,TV 드라마,스페셜,N,11,106,35,50,85,51,
202011,경기,광명시,광명5동,LINEAR_TV,영화,SF/환타지,Y,7,46,20,19,26,25,
202011,인천,연수구,송도2동,VOD,애니,드라마,N,8,155,,43,80,156,
202011,충남,천안시 동남구,문성동,VOD,방송,연예오락,N,10,555,154,224,330,225,
202011,대전,서구,내동,LINEAR_TV,영화,다큐멘터리,N,2,7,6,8,3,5,
202011,서울,강남구,일원본동,LINEAR_TV,라이프,요리,N,3,15,3,17,7,5,
202011,서울,성북구,길음2동,LINEAR_TV,라이프,여행,N,5,29,12,19,9,23,
202011,경기,부천시,상3동,LINEAR_TV,홈쇼핑,침구,N,3,1,,1,3,0,
202011,대구,동구,동촌동,VOD,키즈,외국어,Y,5,12,,7,10,15,
202011,전북,전주시 덕진구,조촌동,LINEAR_TV,영화,SF/환타지,Y,7,53,20,21,29,28,
202011,경기,군포시,궁내동,LINEAR_TV,교육,외국어강좌,N,6,39,9,37,36,19,
202011,부산,동구,수정5동,LINEAR_TV,홈쇼핑,가정/주방/생활용품,Y,6,13,8,6,5,4,
202011,경기,안양시 만안구,안양2동,LINEAR_TV,영화,기타,Y,3,17,11,8,12,12,
202011,경기,광주시,남한산성면,LINEAR_TV,연예/오락,기타,Y,58,847,105,221,189,391,
202011,경기,양평군,양서면,LINEAR_TV,TV 애니메이션,SF/메카,Y,3,20,,12,19,,
202011,광주,북구,우산동,LINEAR_TV,다큐,동물,N,3,14,12,8,11,10,
202011,서울,강서구,우장산동,LINEAR_TV,홈쇼핑,인테리어,Y,2,2,2,1,1,2,
202011,부산,사하구,괴정2동,LINEAR_TV,홈쇼핑,침구,Y,2,4,7,2,4,2,
202011,전남,목포시,용해동,LINEAR_TV,키즈(어린이),학습,N,10,78,17,81,25,43,
202011,경남,밀양시,하남읍,VOD,영화,스릴러,Y,7,237,104,168,45,587,
202011,경기,안양시 동안구,달안동,VOD,영화,코미디,Y,2,109,53,145,86,81,
202011,경기,광명시,하안2동,LINEAR_TV,정보,부동산/재테크,Y,2,5,10,6,5,2,
202011,경기,화성시,동탄1동,VOD,애니,시리즈,N,16,248,291,114,125,168,
202011,서울,송파구,방이2동,LINEAR_TV,홈쇼핑,여행,N,2,4,5,,2,3,
202011,서울,송파구,잠실본동,LINEAR_TV,라이프,미용/패션,Y,3,7,12,7,2,3,
202011,경북,울진군,북면,LINEAR_TV,TV 드라마,기타,Y,7,66,20,16,24,55,
202011,충북,청주시 흥덕구,모충동,LINEAR_TV,시사/교양,기타,Y,37,358,45,171,136,66,
202011,부산,해운대구,반송2동,LINEAR_TV,교육,교육,N,3,20,23,14,9,10,
202011,부산,북구,화명2동,LINEAR_TV,스포츠,낚시,N,7,27,12,17,10,25,
202011,경기,시흥시,정왕3동,VOD,키즈,노래 율동,Y,7,100,,130,69,1,
202011,전북,김제시,교월동,LINEAR_TV,스포츠,농구,Y,7,30,1,1,32,18,
202011,충북,청주시 서원구,분평동,LINEAR_TV,라이프,요리,N,2,13,12,15,7,3,
202011,경남,창원시 마산합포구,구산면,LINEAR_TV,홈쇼핑,식품,Y,7,13,3,11,8,3,
202011,전북,무주군,설천면,LINEAR_TV,영화,드라마,Y,12,105,89,70,34,15,
202011,부산,부산진구,연지동,LINEAR_TV,홈쇼핑,종합,N,6,13,16,7,4,3,
202011,서울,송파구,잠실6동,LINEAR_TV,공연/음악,클래식,Y,3,19,12,18,7,15,
202011,경북,구미시,산동면,LINEAR_TV,홈쇼핑,가구,N,2,3,2,3,2,3,
202011,광주,북구,중흥1동,LINEAR_TV,게임,오락,N,3,22,13,8,24,12,
202011,울산,울주군,삼남읍,LINEAR_TV,스포츠,농구,N,6,40,13,16,11,42,
202011,경기,화성시,동탄4동,LINEAR_TV,iTV등 기타,기타,Y,11,138,57,102,75,82,
